Ano,Valor_Anual
2018,0.06925
2019,0.07575
2020,0.0685
2021,0.0775
2022,0.06949999999999999
2023,0.07275
2024,0.087
